model_name,turn,key,metric_score
llama2_7b_cat,1,llama2_7b_cat-1-0,0.31827873618918395
gemma_7b,1,gemma_7b-1-0,0.45919751889901145
llama2_7b,1,llama2_7b-1-0,0.49757704981585577
