Sample Size,Average Dialogue Length,Average Dialogue Tokens
1031,6.560620756547042,224.54025218234725
1031,13.075654704170708,419.6595538312318
1031,19.677982541222114,615.3258971871969
1031,26.19301648884578,810.8806983511154
1031,32.70126091173618,1003.153249272551
1031,32.70126091173618,1003.153249272551
1031,32.70126091173618,1003.153249272551
1031,32.70126091173618,1003.153249272551
1031,32.70126091173618,1003.153249272551
