,position,dataset,turn,metric scores
0,0,multiwoz,2,0.51430781129157
1,0,multiwoz,2,0.19873817034700317
2,0,multiwoz,5,0.5106382978723404
3,0,multiwoz,3,0.4953596287703016
4,0,multiwoz,4,0.5359628770301624
5,3,multiwoz,5,0.5067698259187621
6,4,multiwoz,5,0.4932301740812379
7,2,multiwoz,5,0.5261121856866537
8,1,multiwoz,5,0.4951644100580271
